,0
2016-01-04,-0.0
2016-01-05,-1.0
2016-01-06,1.0
2016-01-07,1.0
2016-01-08,1.0
2016-01-11,1.0
2016-01-12,1.0
2016-01-13,1.0
2016-01-14,1.0
2016-01-15,1.0
2016-01-18,1.0
2016-01-19,1.0
2016-01-20,1.0
2016-01-21,1.0
2016-01-22,1.0
2016-01-25,1.0
2016-01-26,1.0
2016-01-27,1.0
2016-01-28,1.0
2016-01-29,1.0
2016-02-01,1.0
2016-02-02,1.0
2016-02-03,1.0
2016-02-04,1.0
2016-02-05,1.0
2016-02-08,1.0
2016-02-09,1.0
2016-02-10,1.0
2016-02-11,1.0
2016-02-12,1.0
2016-02-15,1.0
2016-02-16,1.0
2016-02-17,1.0
2016-02-18,1.0
2016-02-19,1.0
2016-02-22,1.0
2016-02-23,1.0
2016-02-24,1.0
2016-02-25,1.0
2016-02-26,1.0
2016-02-29,1.0
2016-03-01,1.0
2016-03-02,1.0
2016-03-03,1.0
2016-03-04,1.0
2016-03-07,1.0
2016-03-08,1.0
2016-03-09,1.0
2016-03-10,1.0
2016-03-11,1.0
2016-03-14,1.0
2016-03-15,1.0
2016-03-16,1.0
2016-03-17,1.0
2016-03-18,1.0
2016-03-21,1.0
2016-03-22,1.0
2016-03-23,1.0
2016-03-24,1.0
2016-03-25,1.0
2016-03-28,1.0
2016-03-29,1.0
2016-03-30,1.0
2016-03-31,1.0
2016-04-01,1.0
2016-04-04,1.0
2016-04-05,1.0
2016-04-06,1.0
2016-04-07,1.0
2016-04-08,1.0
2016-04-11,1.0
2016-04-12,1.0
2016-04-13,1.0
2016-04-14,1.0
2016-04-15,1.0
2016-04-18,1.0
2016-04-19,1.0
2016-04-20,1.0
2016-04-21,1.0
2016-04-22,1.0
2016-04-25,1.0
2016-04-26,1.0
2016-04-27,1.0
2016-04-28,1.0
2016-04-29,1.0
2016-05-02,1.0
2016-05-03,1.0
2016-05-04,1.0
2016-05-05,1.0
2016-05-06,1.0
2016-05-09,1.0
2016-05-10,1.0
2016-05-11,1.0
2016-05-12,1.0
2016-05-13,1.0
2016-05-16,1.0
2016-05-17,1.0
2016-05-18,1.0
2016-05-19,1.0
2016-05-20,1.0
2016-05-23,1.0
2016-05-24,1.0
2016-05-25,1.0
2016-05-26,1.0
2016-05-27,1.0
2016-05-30,1.0
2016-05-31,1.0
2016-06-01,1.0
2016-06-02,1.0
2016-06-03,1.0
2016-06-06,1.0
2016-06-07,1.0
2016-06-08,1.0
2016-06-09,1.0
2016-06-10,1.0
2016-06-13,1.0
2016-06-14,1.0
2016-06-15,1.0
2016-06-16,1.0
2016-06-17,1.0
2016-06-20,1.0
2016-06-21,1.0
2016-06-22,1.0
2016-06-23,1.0
2016-06-24,1.0
2016-06-27,1.0
2016-06-28,1.0
2016-06-29,1.0
2016-06-30,1.0
2016-07-01,1.0
2016-07-04,1.0
2016-07-05,1.0
2016-07-06,1.0
2016-07-07,1.0
2016-07-08,1.0
2016-07-11,1.0
2016-07-12,1.0
2016-07-13,1.0
2016-07-14,1.0
2016-07-15,1.0
2016-07-18,1.0
2016-07-19,1.0
2016-07-20,1.0
2016-07-21,1.0
2016-07-22,1.0
2016-07-25,1.0
2016-07-26,1.0
2016-07-27,1.0
2016-07-28,1.0
2016-07-29,1.0
2016-08-01,1.0
2016-08-02,1.0
2016-08-03,1.0
2016-08-04,1.0
2016-08-05,1.0
2016-08-08,1.0
2016-08-09,1.0
2016-08-10,1.0
2016-08-11,1.0
2016-08-12,1.0
2016-08-15,1.0
2016-08-16,1.0
2016-08-17,1.0
2016-08-18,1.0
2016-08-19,1.0
2016-08-22,1.0
2016-08-23,1.0
2016-08-24,1.0
2016-08-25,1.0
2016-08-26,1.0
2016-08-29,1.0
2016-08-30,1.0
2016-08-31,1.0
2016-09-01,1.0
2016-09-02,1.0
2016-09-05,1.0
2016-09-06,1.0
2016-09-07,1.0
2016-09-08,1.0
2016-09-09,1.0
2016-09-12,1.0
2016-09-13,1.0
2016-09-14,1.0
2016-09-15,1.0
2016-09-16,1.0
2016-09-19,1.0
2016-09-20,1.0
2016-09-21,1.0
2016-09-22,1.0
2016-09-23,1.0
2016-09-26,1.0
2016-09-27,1.0
2016-09-28,1.0
2016-09-29,1.0
2016-09-30,1.0
2016-10-03,1.0
2016-10-04,1.0
2016-10-05,1.0
2016-10-06,1.0
2016-10-07,1.0
2016-10-10,1.0
2016-10-11,1.0
2016-10-12,1.0
2016-10-13,1.0
2016-10-14,1.0
2016-10-17,1.0
2016-10-18,1.0
2016-10-19,1.0
2016-10-20,1.0
2016-10-21,1.0
2016-10-24,1.0
2016-10-25,1.0
2016-10-26,1.0
2016-10-27,1.0
2016-10-28,1.0
2016-10-31,1.0
2016-11-01,1.0
2016-11-02,1.0
2016-11-03,1.0
2016-11-04,1.0
2016-11-07,1.0
2016-11-08,1.0
2016-11-09,1.0
2016-11-10,1.0
2016-11-11,1.0
2016-11-14,1.0
2016-11-15,-1.0
2016-11-16,-1.0
2016-11-17,-1.0
2016-11-18,-1.0
2016-11-21,-1.0
2016-11-22,-1.0
2016-11-23,-1.0
2016-11-24,-1.0
2016-11-25,-1.0
2016-11-28,-1.0
2016-11-29,-1.0
2016-11-30,-1.0
2016-12-01,-1.0
2016-12-02,-1.0
2016-12-05,-1.0
2016-12-06,-1.0
2016-12-07,-1.0
2016-12-08,-1.0
2016-12-09,-1.0
2016-12-12,-1.0
2016-12-13,-1.0
2016-12-14,-1.0
2016-12-15,-1.0
2016-12-16,-1.0
2016-12-19,-1.0
2016-12-20,-1.0
2016-12-21,-1.0
2016-12-22,-1.0
2016-12-23,-1.0
2016-12-26,-1.0
2016-12-27,-1.0
2016-12-28,-1.0
2016-12-29,-1.0
2016-12-30,-1.0
2017-01-02,-1.0
2017-01-03,-1.0
2017-01-04,-1.0
2017-01-05,-1.0
2017-01-06,-1.0
2017-01-09,-1.0
2017-01-10,-1.0
2017-01-11,-1.0
2017-01-12,-1.0
2017-01-13,-1.0
2017-01-16,-1.0
2017-01-17,-1.0
2017-01-18,-1.0
2017-01-19,-1.0
2017-01-20,-1.0
2017-01-23,-1.0
2017-01-24,-1.0
2017-01-25,-1.0
2017-01-26,-1.0
2017-01-27,-1.0
2017-01-30,-1.0
2017-01-31,-1.0
2017-02-01,-1.0
2017-02-02,-1.0
2017-02-03,-1.0
2017-02-06,-1.0
2017-02-07,-1.0
2017-02-08,-1.0
2017-02-09,-1.0
2017-02-10,-1.0
2017-02-13,-1.0
2017-02-14,-1.0
2017-02-15,-1.0
2017-02-16,-1.0
2017-02-17,-1.0
2017-02-20,-1.0
2017-02-21,-1.0
2017-02-22,-1.0
2017-02-23,-1.0
2017-02-24,-1.0
2017-02-27,-1.0
2017-02-28,-1.0
2017-03-01,-1.0
2017-03-02,-1.0
2017-03-03,-1.0
2017-03-06,-1.0
2017-03-07,-1.0
2017-03-08,-1.0
2017-03-09,-1.0
2017-03-10,-1.0
2017-03-13,-1.0
2017-03-14,-1.0
2017-03-15,-1.0
2017-03-16,-1.0
2017-03-17,-1.0
2017-03-20,-1.0
2017-03-21,-1.0
2017-03-22,-1.0
2017-03-23,-1.0
2017-03-24,-1.0
2017-03-27,-1.0
2017-03-28,-1.0
2017-03-29,-1.0
2017-03-30,-1.0
2017-03-31,-1.0
2017-04-03,-1.0
2017-04-04,-1.0
2017-04-05,-1.0
2017-04-06,-1.0
2017-04-07,-1.0
2017-04-10,-1.0
2017-04-11,-1.0
2017-04-12,-1.0
2017-04-13,-1.0
2017-04-14,-1.0
2017-04-17,-1.0
2017-04-18,-1.0
2017-04-19,-1.0
2017-04-20,-1.0
2017-04-21,-1.0
2017-04-24,-1.0
2017-04-25,-1.0
2017-04-26,-1.0
2017-04-27,-1.0
2017-04-28,-1.0
2017-05-01,-1.0
2017-05-02,-1.0
2017-05-03,-1.0
2017-05-04,-1.0
2017-05-05,-1.0
2017-05-08,-1.0
2017-05-09,-1.0
2017-05-10,-1.0
2017-05-11,-1.0
2017-05-12,-1.0
2017-05-15,-1.0
2017-05-16,-1.0
2017-05-17,-1.0
2017-05-18,-1.0
2017-05-19,-1.0
2017-05-22,-1.0
2017-05-23,-1.0
2017-05-24,-1.0
2017-05-25,-1.0
2017-05-26,-1.0
2017-05-29,-1.0
2017-05-30,-1.0
2017-05-31,-1.0
2017-06-01,-1.0
2017-06-02,-1.0
2017-06-05,-1.0
2017-06-06,-1.0
2017-06-07,-1.0
2017-06-08,-1.0
2017-06-09,-1.0
2017-06-12,-1.0
2017-06-13,-1.0
2017-06-14,-1.0
2017-06-15,-1.0
2017-06-16,-1.0
2017-06-19,-1.0
2017-06-20,-1.0
2017-06-21,-1.0
2017-06-22,-1.0
2017-06-23,-1.0
2017-06-26,-1.0
2017-06-27,-1.0
2017-06-28,-1.0
2017-06-29,-1.0
2017-06-30,-1.0
2017-07-03,-1.0
2017-07-04,-1.0
2017-07-05,-1.0
2017-07-06,-1.0
2017-07-07,-1.0
2017-07-10,-1.0
2017-07-11,-1.0
2017-07-12,-1.0
2017-07-13,-1.0
2017-07-14,-1.0
2017-07-17,-1.0
2017-07-18,-1.0
2017-07-19,-1.0
2017-07-20,-1.0
2017-07-21,-1.0
2017-07-24,-1.0
2017-07-25,-1.0
2017-07-26,-1.0
2017-07-27,-1.0
2017-07-28,-1.0
2017-07-31,-1.0
2017-08-01,-1.0
2017-08-02,-1.0
2017-08-03,-1.0
2017-08-04,-1.0
2017-08-07,-1.0
2017-08-08,-1.0
2017-08-09,-1.0
2017-08-10,-1.0
2017-08-11,-1.0
2017-08-14,-1.0
2017-08-15,-1.0
2017-08-16,-1.0
2017-08-17,-1.0
2017-08-18,-1.0
2017-08-21,-1.0
2017-08-22,-1.0
2017-08-23,-1.0
2017-08-24,-1.0
2017-08-25,-1.0
2017-08-28,-1.0
2017-08-29,-1.0
2017-08-30,-1.0
2017-08-31,-1.0
2017-09-01,-1.0
2017-09-04,-1.0
2017-09-05,-1.0
2017-09-06,-1.0
2017-09-07,-1.0
2017-09-08,-1.0
2017-09-11,-1.0
2017-09-12,-1.0
2017-09-13,-1.0
2017-09-14,-1.0
2017-09-15,-1.0
2017-09-18,-1.0
2017-09-19,-1.0
2017-09-20,-1.0
2017-09-21,-1.0
2017-09-22,-1.0
2017-09-25,-1.0
2017-09-26,-1.0
2017-09-27,-1.0
2017-09-28,-1.0
2017-09-29,-1.0
2017-10-02,-1.0
2017-10-03,-1.0
2017-10-04,-1.0
2017-10-05,-1.0
2017-10-06,-1.0
2017-10-09,-1.0
2017-10-10,-1.0
2017-10-11,-1.0
2017-10-12,-1.0
2017-10-13,-1.0
2017-10-16,-1.0
2017-10-17,-1.0
2017-10-18,-1.0
2017-10-19,-1.0
2017-10-20,-1.0
2017-10-23,-1.0
2017-10-24,-1.0
2017-10-25,-1.0
2017-10-26,-1.0
2017-10-27,-1.0
2017-10-30,-1.0
2017-10-31,-1.0
2017-11-01,-1.0
2017-11-02,-1.0
2017-11-03,-1.0
2017-11-06,-1.0
2017-11-07,-1.0
2017-11-08,-1.0
2017-11-09,-1.0
2017-11-10,-1.0
2017-11-13,-1.0
2017-11-14,-1.0
2017-11-15,-1.0
2017-11-16,-1.0
2017-11-17,-1.0
2017-11-20,-1.0
2017-11-21,-1.0
2017-11-22,-1.0
2017-11-23,-1.0
2017-11-24,-1.0
2017-11-27,-1.0
2017-11-28,-1.0
2017-11-29,-1.0
2017-11-30,-1.0
2017-12-01,-1.0
2017-12-04,-1.0
2017-12-05,-1.0
2017-12-06,-1.0
2017-12-07,-1.0
2017-12-08,-1.0
2017-12-11,-1.0
2017-12-12,-1.0
2017-12-13,-1.0
2017-12-14,-1.0
2017-12-15,-1.0
2017-12-18,-1.0
2017-12-19,-1.0
2017-12-20,-1.0
2017-12-21,-1.0
2017-12-22,-1.0
2017-12-25,-1.0
2017-12-26,-1.0
2017-12-27,-1.0
2017-12-28,-1.0
2017-12-29,-1.0
2018-01-01,-1.0
2018-01-02,-1.0
2018-01-03,-1.0
2018-01-04,-1.0
2018-01-05,-1.0
2018-01-08,-1.0
2018-01-09,-1.0
2018-01-10,-1.0
2018-01-11,-1.0
2018-01-12,-1.0
2018-01-15,-1.0
2018-01-16,-1.0
2018-01-17,-1.0
2018-01-18,-1.0
2018-01-19,-1.0
2018-01-22,-1.0
2018-01-23,-1.0
2018-01-24,-1.0
2018-01-25,-1.0
2018-01-26,-1.0
2018-01-29,-1.0
2018-01-30,-1.0
2018-01-31,-1.0
2018-02-01,-1.0
2018-02-02,-1.0
2018-02-05,-1.0
2018-02-06,-1.0
2018-02-07,-1.0
2018-02-08,-1.0
2018-02-09,-1.0
2018-02-12,-1.0
2018-02-13,-1.0
2018-02-14,-1.0
2018-02-15,-1.0
2018-02-16,-1.0
2018-02-19,-1.0
2018-02-20,-1.0
2018-02-21,-1.0
2018-02-22,-1.0
2018-02-23,-1.0
2018-02-26,-1.0
2018-02-27,-1.0
2018-02-28,-1.0
2018-03-01,-1.0
2018-03-02,-1.0
2018-03-05,-1.0
2018-03-06,-1.0
2018-03-07,-1.0
2018-03-08,-1.0
2018-03-09,-1.0
2018-03-12,-1.0
2018-03-13,-1.0
2018-03-14,-1.0
2018-03-15,-1.0
2018-03-16,-1.0
2018-03-19,-1.0
2018-03-20,-1.0
2018-03-21,-1.0
2018-03-22,-1.0
2018-03-23,-1.0
2018-03-26,-1.0
2018-03-27,-1.0
2018-03-28,-1.0
2018-03-29,-1.0
2018-03-30,-1.0
2018-04-02,-1.0
2018-04-03,-1.0
2018-04-04,-1.0
2018-04-05,-1.0
2018-04-06,-1.0
2018-04-09,-1.0
2018-04-10,-1.0
2018-04-11,-1.0
2018-04-12,-1.0
2018-04-13,-1.0
2018-04-16,-1.0
2018-04-17,-1.0
2018-04-18,-1.0
2018-04-19,-1.0
2018-04-20,-1.0
2018-04-23,-1.0
2018-04-24,-1.0
2018-04-25,-1.0
2018-04-26,-1.0
2018-04-27,-1.0
2018-04-30,-1.0
2018-05-01,-1.0
2018-05-02,-1.0
2018-05-03,-1.0
2018-05-04,-1.0
2018-05-07,-1.0
2018-05-08,-1.0
2018-05-09,-1.0
2018-05-10,-1.0
2018-05-11,-1.0
2018-05-14,-1.0
2018-05-15,-1.0
2018-05-16,-1.0
2018-05-17,-1.0
2018-05-18,-1.0
2018-05-21,-1.0
2018-05-22,-1.0
2018-05-23,-1.0
2018-05-24,-1.0
2018-05-25,-1.0
2018-05-28,-1.0
2018-05-29,-1.0
2018-05-30,-1.0
2018-05-31,-1.0
2018-06-01,-1.0
2018-06-04,-1.0
2018-06-05,-1.0
2018-06-06,-1.0
2018-06-07,-1.0
2018-06-08,-1.0
2018-06-11,-1.0
2018-06-12,-1.0
2018-06-13,-1.0
2018-06-14,-1.0
2018-06-15,-1.0
2018-06-18,-1.0
2018-06-19,-1.0
2018-06-20,-1.0
2018-06-21,-1.0
2018-06-22,-1.0
2018-06-25,-1.0
2018-06-26,-1.0
2018-06-27,-1.0
2018-06-28,-1.0
2018-06-29,-1.0
2018-07-02,-1.0
2018-07-03,-1.0
2018-07-04,-1.0
2018-07-05,-1.0
2018-07-06,-1.0
2018-07-09,-1.0
2018-07-10,-1.0
2018-07-11,-1.0
2018-07-12,-1.0
2018-07-13,-1.0
2018-07-16,-1.0
2018-07-17,-1.0
2018-07-18,-1.0
2018-07-19,-1.0
2018-07-20,-1.0
2018-07-23,-1.0
2018-07-24,-1.0
2018-07-25,-1.0
2018-07-26,-1.0
2018-07-27,-1.0
2018-07-30,-1.0
2018-07-31,-1.0
2018-08-01,-1.0
2018-08-02,-1.0
2018-08-03,-1.0
2018-08-06,-1.0
2018-08-07,-1.0
2018-08-08,-1.0
2018-08-09,-1.0
2018-08-10,-1.0
2018-08-13,-1.0
2018-08-14,-1.0
2018-08-15,-1.0
2018-08-16,-1.0
2018-08-17,-1.0
2018-08-20,-1.0
2018-08-21,-1.0
2018-08-22,-1.0
2018-08-23,-1.0
2018-08-24,-1.0
2018-08-27,-1.0
2018-08-28,-1.0
2018-08-29,-1.0
2018-08-30,-1.0
2018-08-31,-1.0
2018-09-03,-1.0
2018-09-04,-1.0
2018-09-05,-1.0
2018-09-06,-1.0
2018-09-07,-1.0
2018-09-10,-1.0
2018-09-11,-1.0
2018-09-12,-1.0
2018-09-13,-1.0
2018-09-14,-1.0
2018-09-17,-1.0
2018-09-18,-1.0
2018-09-19,-1.0
2018-09-20,-1.0
2018-09-21,-1.0
2018-09-24,-1.0
2018-09-25,-1.0
2018-09-26,-1.0
2018-09-27,-1.0
2018-09-28,-1.0
2018-10-01,-1.0
2018-10-02,-1.0
2018-10-03,-1.0
2018-10-04,-1.0
2018-10-05,-1.0
2018-10-08,-1.0
2018-10-09,-1.0
2018-10-10,-1.0
2018-10-11,-1.0
2018-10-12,-1.0
2018-10-15,-1.0
2018-10-16,-1.0
2018-10-17,-1.0
2018-10-18,-1.0
2018-10-19,-1.0
2018-10-22,-1.0
2018-10-23,-1.0
2018-10-24,-1.0
2018-10-25,-1.0
2018-10-26,-1.0
2018-10-29,-1.0
2018-10-30,-1.0
2018-10-31,-1.0
2018-11-01,-1.0
2018-11-02,-1.0
2018-11-05,-1.0
2018-11-06,-1.0
2018-11-07,-1.0
2018-11-08,-1.0
2018-11-09,-1.0
2018-11-12,-1.0
2018-11-13,-1.0
2018-11-14,-1.0
2018-11-15,-1.0
2018-11-16,-1.0
2018-11-19,-1.0
2018-11-20,-1.0
2018-11-21,-1.0
2018-11-22,-1.0
2018-11-23,-1.0
2018-11-26,-1.0
2018-11-27,-1.0
2018-11-28,-1.0
2018-11-29,-1.0
2018-11-30,-1.0
2018-12-03,-1.0
2018-12-04,-1.0
2018-12-05,-1.0
2018-12-06,-1.0
2018-12-07,-1.0
2018-12-10,-1.0
2018-12-11,-1.0
2018-12-12,-1.0
2018-12-13,-1.0
2018-12-14,-1.0
2018-12-17,-1.0
2018-12-18,-1.0
2018-12-19,-1.0
2018-12-20,-1.0
2018-12-21,-1.0
2018-12-24,-1.0
2018-12-25,-1.0
2018-12-26,-1.0
2018-12-27,-1.0
2018-12-28,-1.0
2018-12-31,-1.0
2019-01-01,-1.0
2019-01-02,-1.0
2019-01-03,-1.0
2019-01-04,-1.0
2019-01-07,-1.0
2019-01-08,-1.0
2019-01-09,-1.0
2019-01-10,-1.0
2019-01-11,-1.0
2019-01-14,-1.0
2019-01-15,-1.0
2019-01-16,-1.0
2019-01-17,-1.0
2019-01-18,-1.0
2019-01-21,-1.0
2019-01-22,-1.0
2019-01-23,-1.0
2019-01-24,-1.0
2019-01-25,-1.0
2019-01-28,-1.0
2019-01-29,-1.0
2019-01-30,-1.0
2019-01-31,-1.0
2019-02-01,-1.0
2019-02-04,-1.0
2019-02-05,-1.0
2019-02-06,-1.0
2019-02-07,-1.0
2019-02-08,-1.0
2019-02-11,-1.0
2019-02-12,-1.0
2019-02-13,-1.0
2019-02-14,-1.0
2019-02-15,-1.0
2019-02-18,-1.0
2019-02-19,-1.0
2019-02-20,-1.0
2019-02-21,-1.0
2019-02-22,-1.0
2019-02-25,-1.0
2019-02-26,-1.0
2019-02-27,-1.0
2019-02-28,-1.0
2019-03-01,-1.0
2019-03-04,-1.0
2019-03-05,-1.0
2019-03-06,-1.0
2019-03-07,-1.0
2019-03-08,-1.0
2019-03-11,-1.0
2019-03-12,-1.0
2019-03-13,-1.0
2019-03-14,-1.0
2019-03-15,-1.0
2019-03-18,-1.0
2019-03-19,-1.0
2019-03-20,-1.0
2019-03-21,-1.0
2019-03-22,-1.0
2019-03-25,-1.0
2019-03-26,-1.0
2019-03-27,-1.0
2019-03-28,1.0
2019-03-29,1.0
2019-04-01,1.0
2019-04-02,1.0
2019-04-03,1.0
2019-04-04,1.0
2019-04-05,1.0
2019-04-08,1.0
2019-04-09,1.0
2019-04-10,1.0
2019-04-11,1.0
2019-04-12,1.0
2019-04-15,1.0
2019-04-16,1.0
2019-04-17,1.0
2019-04-18,1.0
2019-04-19,1.0
2019-04-22,1.0
2019-04-23,1.0
2019-04-24,1.0
2019-04-25,1.0
2019-04-26,1.0
2019-04-29,1.0
2019-04-30,1.0
2019-05-01,1.0
2019-05-02,1.0
2019-05-03,1.0
2019-05-06,1.0
2019-05-07,1.0
2019-05-08,1.0
2019-05-09,1.0
2019-05-10,1.0
2019-05-13,1.0
2019-05-14,1.0
2019-05-15,1.0
2019-05-16,1.0
2019-05-17,1.0
2019-05-20,1.0
2019-05-21,1.0
2019-05-22,1.0
2019-05-23,1.0
2019-05-24,1.0
2019-05-27,1.0
2019-05-28,1.0
2019-05-29,1.0
2019-05-30,1.0
2019-05-31,1.0
2019-06-03,1.0
2019-06-04,1.0
2019-06-05,1.0
2019-06-06,1.0
2019-06-07,1.0
2019-06-10,1.0
2019-06-11,1.0
2019-06-12,1.0
2019-06-13,1.0
2019-06-14,1.0
2019-06-17,1.0
2019-06-18,1.0
2019-06-19,1.0
2019-06-20,1.0
2019-06-21,1.0
2019-06-24,1.0
2019-06-25,1.0
2019-06-26,1.0
2019-06-27,1.0
2019-06-28,1.0
2019-07-01,1.0
2019-07-02,1.0
2019-07-03,1.0
2019-07-04,1.0
2019-07-05,1.0
2019-07-08,1.0
2019-07-09,1.0
2019-07-10,1.0
2019-07-11,1.0
2019-07-12,1.0
2019-07-15,1.0
2019-07-16,1.0
2019-07-17,1.0
2019-07-18,1.0
2019-07-19,1.0
2019-07-22,1.0
2019-07-23,1.0
2019-07-24,1.0
2019-07-25,1.0
2019-07-26,1.0
2019-07-29,1.0
2019-07-30,1.0
2019-07-31,1.0
2019-08-01,1.0
2019-08-02,1.0
2019-08-05,1.0
2019-08-06,1.0
2019-08-07,1.0
2019-08-08,1.0
2019-08-09,1.0
2019-08-12,1.0
2019-08-13,1.0
2019-08-14,1.0
2019-08-15,1.0
2019-08-16,1.0
2019-08-19,1.0
2019-08-20,1.0
2019-08-21,1.0
2019-08-22,1.0
2019-08-23,1.0
2019-08-26,1.0
2019-08-27,1.0
2019-08-28,1.0
2019-08-29,1.0
2019-08-30,1.0
2019-09-02,1.0
2019-09-03,1.0
2019-09-04,1.0
2019-09-05,1.0
2019-09-06,1.0
2019-09-09,1.0
2019-09-10,1.0
2019-09-11,1.0
2019-09-12,1.0
2019-09-13,1.0
2019-09-16,1.0
2019-09-17,1.0
2019-09-18,1.0
2019-09-19,1.0
2019-09-20,1.0
2019-09-23,1.0
2019-09-24,1.0
2019-09-25,1.0
2019-09-26,1.0
2019-09-27,1.0
2019-09-30,1.0
2019-10-01,1.0
2019-10-02,1.0
2019-10-03,1.0
2019-10-04,1.0
2019-10-07,1.0
2019-10-08,1.0
2019-10-09,1.0
2019-10-10,1.0
2019-10-11,1.0
2019-10-14,1.0
2019-10-15,1.0
2019-10-16,1.0
2019-10-17,1.0
2019-10-18,1.0
2019-10-21,1.0
2019-10-22,1.0
2019-10-23,1.0
2019-10-24,1.0
2019-10-25,1.0
2019-10-28,1.0
2019-10-29,1.0
2019-10-30,1.0
2019-10-31,1.0
2019-11-01,1.0
2019-11-04,1.0
2019-11-05,1.0
2019-11-06,1.0
2019-11-07,1.0
2019-11-08,1.0
2019-11-11,1.0
2019-11-12,1.0
2019-11-13,1.0
2019-11-14,1.0
2019-11-15,1.0
2019-11-18,1.0
2019-11-19,1.0
2019-11-20,1.0
2019-11-21,1.0
2019-11-22,1.0
2019-11-25,1.0
2019-11-26,1.0
2019-11-27,1.0
2019-11-28,1.0
2019-11-29,1.0
2019-12-02,1.0
2019-12-03,1.0
2019-12-04,1.0
2019-12-05,1.0
2019-12-06,1.0
2019-12-09,1.0
2019-12-10,1.0
2019-12-11,1.0
2019-12-12,1.0
2019-12-13,1.0
2019-12-16,1.0
2019-12-17,1.0
2019-12-18,1.0
2019-12-19,1.0
2019-12-20,1.0
2019-12-23,1.0
2019-12-24,1.0
2019-12-25,1.0
2019-12-26,1.0
2019-12-27,1.0
2019-12-30,1.0
2019-12-31,1.0
2020-01-01,1.0
2020-01-02,1.0
2020-01-03,1.0
2020-01-06,1.0
2020-01-07,1.0
2020-01-08,1.0
2020-01-09,1.0
2020-01-10,1.0
2020-01-13,1.0
2020-01-14,1.0
2020-01-15,1.0
2020-01-16,1.0
2020-01-17,1.0
2020-01-20,1.0
2020-01-21,1.0
2020-01-22,1.0
2020-01-23,1.0
2020-01-24,1.0
2020-01-27,1.0
2020-01-28,1.0
2020-01-29,1.0
2020-01-30,1.0
2020-01-31,1.0
2020-02-03,1.0
2020-02-04,1.0
2020-02-05,1.0
2020-02-06,1.0
2020-02-07,1.0
2020-02-10,1.0
2020-02-11,1.0
2020-02-12,1.0
2020-02-13,1.0
2020-02-14,1.0
2020-02-17,1.0
2020-02-18,1.0
2020-02-19,1.0
2020-02-20,1.0
2020-02-21,1.0
2020-02-24,1.0
2020-02-25,1.0
2020-02-26,1.0
2020-02-27,1.0
2020-02-28,1.0
2020-03-02,1.0
2020-03-03,1.0
2020-03-04,1.0
2020-03-05,1.0
2020-03-06,1.0
2020-03-09,1.0
2020-03-10,1.0
2020-03-11,1.0
2020-03-12,1.0
2020-03-13,1.0
2020-03-16,1.0
2020-03-17,1.0
2020-03-18,1.0
2020-03-19,1.0
2020-03-20,1.0
2020-03-23,1.0
2020-03-24,1.0
2020-03-25,1.0
2020-03-26,1.0
2020-03-27,1.0
2020-03-30,1.0
2020-03-31,1.0
2020-04-01,1.0
2020-04-02,1.0
2020-04-03,1.0
2020-04-06,1.0
2020-04-07,1.0
2020-04-08,1.0
2020-04-09,1.0
2020-04-10,1.0
2020-04-13,1.0
2020-04-14,1.0
2020-04-15,1.0
2020-04-16,1.0
2020-04-17,1.0
2020-04-20,1.0
2020-04-21,1.0
2020-04-22,1.0
2020-04-23,1.0
2020-04-24,1.0
2020-04-27,1.0
2020-04-28,1.0
2020-04-29,1.0
2020-04-30,1.0
2020-05-01,1.0
2020-05-04,1.0
2020-05-05,1.0
2020-05-06,1.0
2020-05-07,1.0
2020-05-08,1.0
2020-05-11,1.0
2020-05-12,1.0
2020-05-13,1.0
2020-05-14,1.0
2020-05-15,1.0
2020-05-18,1.0
2020-05-19,1.0
2020-05-20,1.0
2020-05-21,1.0
2020-05-22,1.0
2020-05-25,1.0
2020-05-26,1.0
2020-05-27,1.0
2020-05-28,1.0
2020-05-29,1.0
2020-06-01,1.0
2020-06-02,1.0
2020-06-03,1.0
2020-06-04,1.0
2020-06-05,1.0
2020-06-08,1.0
2020-06-09,1.0
2020-06-10,1.0
2020-06-11,1.0
2020-06-12,1.0
2020-06-15,1.0
2020-06-16,1.0
2020-06-17,1.0
2020-06-18,1.0
2020-06-19,1.0
2020-06-22,1.0
2020-06-23,1.0
2020-06-24,1.0
2020-06-25,1.0
2020-06-26,1.0
2020-06-29,1.0
2020-06-30,1.0
2020-07-01,1.0
2020-07-02,1.0
2020-07-03,1.0
2020-07-06,1.0
2020-07-07,1.0
2020-07-08,1.0
2020-07-09,1.0
2020-07-10,1.0
2020-07-13,1.0
2020-07-14,1.0
2020-07-15,1.0
2020-07-16,1.0
2020-07-17,1.0
2020-07-20,1.0
2020-07-21,1.0
2020-07-22,1.0
2020-07-23,1.0
2020-07-24,1.0
2020-07-27,1.0
2020-07-28,1.0
2020-07-29,1.0
2020-07-30,1.0
2020-07-31,1.0
2020-08-03,1.0
2020-08-04,1.0
2020-08-05,1.0
2020-08-06,1.0
2020-08-07,1.0
2020-08-10,1.0
2020-08-11,1.0
2020-08-12,1.0
2020-08-13,1.0
2020-08-14,1.0
2020-08-17,1.0
2020-08-18,1.0
2020-08-19,1.0
2020-08-20,1.0
2020-08-21,1.0
2020-08-24,1.0
2020-08-25,1.0
2020-08-26,1.0
2020-08-27,1.0
2020-08-28,1.0
2020-08-31,1.0
2020-09-01,1.0
2020-09-02,1.0
2020-09-03,1.0
2020-09-04,1.0
2020-09-07,1.0
2020-09-08,1.0
2020-09-09,1.0
2020-09-10,1.0
2020-09-11,1.0
2020-09-14,1.0
2020-09-15,1.0
2020-09-16,1.0
2020-09-17,1.0
2020-09-18,1.0
2020-09-21,1.0
2020-09-22,1.0
2020-09-23,1.0
2020-09-24,1.0
2020-09-25,1.0
2020-09-28,1.0
2020-09-29,1.0
2020-09-30,1.0
2020-10-01,1.0
2020-10-02,1.0
2020-10-05,1.0
2020-10-06,1.0
2020-10-07,1.0
2020-10-08,1.0
2020-10-09,1.0
2020-10-12,1.0
2020-10-13,1.0
2020-10-14,1.0
2020-10-15,1.0
2020-10-16,1.0
2020-10-19,1.0
2020-10-20,1.0
2020-10-21,1.0
2020-10-22,1.0
2020-10-23,1.0
2020-10-26,1.0
2020-10-27,1.0
2020-10-28,1.0
2020-10-29,1.0
2020-10-30,1.0
2020-11-02,1.0
2020-11-03,1.0
2020-11-04,1.0
2020-11-05,1.0
2020-11-06,1.0
2020-11-09,1.0
2020-11-10,1.0
2020-11-11,1.0
2020-11-12,1.0
2020-11-13,1.0
2020-11-16,1.0
2020-11-17,1.0
2020-11-18,1.0
2020-11-19,1.0
2020-11-20,1.0
2020-11-23,1.0
2020-11-24,1.0
2020-11-25,1.0
2020-11-26,1.0
2020-11-27,1.0
2020-11-30,1.0
2020-12-01,1.0
2020-12-02,1.0
2020-12-03,1.0
2020-12-04,1.0
2020-12-07,1.0
2020-12-08,1.0
2020-12-09,1.0
2020-12-10,1.0
2020-12-11,1.0
2020-12-14,1.0
2020-12-15,1.0
2020-12-16,1.0
2020-12-17,1.0
2020-12-18,1.0
2020-12-21,1.0
2020-12-22,1.0
2020-12-23,1.0
2020-12-24,1.0
2020-12-25,1.0
2020-12-28,1.0
2020-12-29,1.0
2020-12-30,1.0
2020-12-31,1.0
2021-01-01,1.0
2021-01-04,1.0
2021-01-05,1.0
2021-01-06,1.0
2021-01-07,1.0
2021-01-08,1.0
2021-01-11,1.0
2021-01-12,1.0
2021-01-13,1.0
2021-01-14,1.0
2021-01-15,1.0
2021-01-18,1.0
2021-01-19,1.0
2021-01-20,1.0
2021-01-21,1.0
2021-01-22,1.0
2021-01-25,1.0
2021-01-26,1.0
2021-01-27,1.0
2021-01-28,1.0
2021-01-29,1.0
2021-02-01,1.0
2021-02-02,1.0
2021-02-03,1.0
2021-02-04,1.0
2021-02-05,1.0
2021-02-08,1.0
2021-02-09,1.0
2021-02-10,1.0
2021-02-11,1.0
2021-02-12,1.0
2021-02-15,1.0
2021-02-16,1.0
2021-02-17,1.0
2021-02-18,1.0
2021-02-19,1.0
2021-02-22,1.0
2021-02-23,1.0
2021-02-24,1.0
2021-02-25,1.0
2021-02-26,1.0
2021-03-01,1.0
2021-03-02,1.0
2021-03-03,1.0
2021-03-04,1.0
2021-03-05,1.0
2021-03-08,1.0
2021-03-09,1.0
2021-03-10,1.0
2021-03-11,1.0
2021-03-12,1.0
2021-03-15,1.0
2021-03-16,1.0
2021-03-17,1.0
2021-03-18,1.0
2021-03-19,1.0
2021-03-22,1.0
2021-03-23,1.0
2021-03-24,1.0
2021-03-25,1.0
2021-03-26,1.0
2021-03-29,1.0
2021-03-30,-1.0
2021-03-31,-1.0
2021-04-01,-1.0
2021-04-02,-1.0
2021-04-05,-1.0
2021-04-06,-1.0
2021-04-07,-1.0
2021-04-08,-1.0
2021-04-09,-1.0
2021-04-12,-1.0
2021-04-13,-1.0
2021-04-14,-1.0
2021-04-15,-1.0
2021-04-16,-1.0
2021-04-19,-1.0
2021-04-20,-1.0
2021-04-21,-1.0
2021-04-22,-1.0
2021-04-23,-1.0
2021-04-26,-1.0
2021-04-27,-1.0
2021-04-28,-1.0
2021-04-29,-1.0
2021-04-30,-1.0
2021-05-03,-1.0
2021-05-04,-1.0
2021-05-05,-1.0
2021-05-06,-1.0
2021-05-07,-1.0
2021-05-10,-1.0
2021-05-11,-1.0
2021-05-12,-1.0
2021-05-13,-1.0
2021-05-14,-1.0
2021-05-17,-1.0
2021-05-18,-1.0
2021-05-19,-1.0
2021-05-20,-1.0
2021-05-21,-1.0
2021-05-24,-1.0
2021-05-25,-1.0
2021-05-26,-1.0
2021-05-27,-1.0
2021-05-28,-1.0
2021-05-31,-1.0
2021-06-01,-1.0
2021-06-02,-1.0
2021-06-03,-1.0
2021-06-04,-1.0
2021-06-07,-1.0
2021-06-08,-1.0
2021-06-09,-1.0
2021-06-10,-1.0
2021-06-11,-1.0
2021-06-14,-1.0
2021-06-15,-1.0
2021-06-16,-1.0
2021-06-17,-1.0
2021-06-18,-1.0
2021-06-21,-1.0
2021-06-22,-1.0
2021-06-23,-1.0
2021-06-24,-1.0
2021-06-25,-1.0
2021-06-28,-1.0
2021-06-29,-1.0
2021-06-30,-1.0
2021-07-01,-1.0
2021-07-02,-1.0
2021-07-05,-1.0
2021-07-06,-1.0
2021-07-07,-1.0
2021-07-08,-1.0
2021-07-09,-1.0
2021-07-12,-1.0
2021-07-13,-1.0
2021-07-14,-1.0
2021-07-15,-1.0
2021-07-16,-1.0
2021-07-19,-1.0
2021-07-20,-1.0
2021-07-21,-1.0
2021-07-22,-1.0
2021-07-23,-1.0
2021-07-26,-1.0
2021-07-27,-1.0
2021-07-28,-1.0
2021-07-29,-1.0
2021-07-30,-1.0
2021-08-02,-1.0
2021-08-03,-1.0
2021-08-04,-1.0
2021-08-05,-1.0
2021-08-06,-1.0
2021-08-09,-1.0
2021-08-10,-1.0
2021-08-11,-1.0
2021-08-12,-1.0
2021-08-13,-1.0
2021-08-16,-1.0
2021-08-17,-1.0
2021-08-18,-1.0
2021-08-19,-1.0
2021-08-20,-1.0
2021-08-23,-1.0
2021-08-24,-1.0
2021-08-25,-1.0
2021-08-26,-1.0
2021-08-27,-1.0
2021-08-30,-1.0
2021-08-31,-1.0
2021-09-01,-1.0
2021-09-02,-1.0
2021-09-03,-1.0
2021-09-06,-1.0
2021-09-07,-1.0
2021-09-08,-1.0
2021-09-09,-1.0
2021-09-10,-1.0
2021-09-13,-1.0
2021-09-14,-1.0
2021-09-15,-1.0
2021-09-16,-1.0
2021-09-17,-1.0
2021-09-20,-1.0
2021-09-21,-1.0
2021-09-22,-1.0
2021-09-23,-1.0
2021-09-24,-1.0
2021-09-27,-1.0
2021-09-28,-1.0
2021-09-29,-1.0
2021-09-30,-1.0
2021-10-01,-1.0
2021-10-04,-1.0
2021-10-05,-1.0
2021-10-06,-1.0
2021-10-07,-1.0
2021-10-08,-1.0
2021-10-11,-1.0
2021-10-12,-1.0
2021-10-13,-1.0
2021-10-14,-1.0
2021-10-15,-1.0
2021-10-18,-1.0
2021-10-19,-1.0
2021-10-20,-1.0
2021-10-21,-1.0
2021-10-22,-1.0
2021-10-25,-1.0
2021-10-26,-1.0
2021-10-27,-1.0
2021-10-28,-1.0
2021-10-29,-1.0
2021-11-01,-1.0
2021-11-02,-1.0
2021-11-03,-1.0
2021-11-04,-1.0
2021-11-05,-1.0
2021-11-08,-1.0
2021-11-09,-1.0
2021-11-10,-1.0
2021-11-11,-1.0
2021-11-12,-1.0
2021-11-15,-1.0
2021-11-16,-1.0
2021-11-17,-1.0
2021-11-18,-1.0
2021-11-19,-1.0
2021-11-22,-1.0
2021-11-23,-1.0
2021-11-24,-1.0
2021-11-25,-1.0
2021-11-26,-1.0
2021-11-29,-1.0
2021-11-30,-1.0
2021-12-01,-1.0
2021-12-02,-1.0
2021-12-03,-1.0
2021-12-06,-1.0
2021-12-07,-1.0
2021-12-08,-1.0
2021-12-09,-1.0
2021-12-10,-1.0
2021-12-13,-1.0
2021-12-14,-1.0
2021-12-15,-1.0
2021-12-16,-1.0
2021-12-17,-1.0
2021-12-20,-1.0
2021-12-21,-1.0
2021-12-22,-1.0
2021-12-23,-1.0
2021-12-24,-1.0
2021-12-27,-1.0
2021-12-28,-1.0
2021-12-29,-1.0
2021-12-30,-1.0
2021-12-31,-1.0
2022-01-03,-1.0
2022-01-04,-1.0
2022-01-05,-1.0
2022-01-06,-1.0
2022-01-07,-1.0
2022-01-10,-1.0
2022-01-11,-1.0
2022-01-12,-1.0
2022-01-13,-1.0
2022-01-14,-1.0
2022-01-17,-1.0
2022-01-18,-1.0
2022-01-19,-1.0
2022-01-20,-1.0
2022-01-21,-1.0
2022-01-24,-1.0
2022-01-25,-1.0
2022-01-26,-1.0
2022-01-27,-1.0
2022-01-28,-1.0
2022-01-31,-1.0
2022-02-01,-1.0
2022-02-02,-1.0
2022-02-03,-1.0
2022-02-04,-1.0
2022-02-07,-1.0
2022-02-08,-1.0
2022-02-09,-1.0
2022-02-10,-1.0
2022-02-11,-1.0
2022-02-14,-1.0
2022-02-15,-1.0
2022-02-16,-1.0
2022-02-17,-1.0
2022-02-18,-1.0
2022-02-21,-1.0
2022-02-22,-1.0
2022-02-23,-1.0
2022-02-24,-1.0
2022-02-25,-1.0
2022-02-28,-1.0
2022-03-01,-1.0
2022-03-02,-1.0
2022-03-03,-1.0
2022-03-04,-1.0
2022-03-07,-1.0
2022-03-08,-1.0
2022-03-09,-1.0
2022-03-10,-1.0
2022-03-11,-1.0
2022-03-14,-1.0
2022-03-15,-1.0
2022-03-16,-1.0
2022-03-17,-1.0
2022-03-18,-1.0
2022-03-21,-1.0
2022-03-22,-1.0
2022-03-23,-1.0
2022-03-24,-1.0
2022-03-25,-1.0
2022-03-28,-1.0
2022-03-29,-1.0
2022-03-30,-1.0
2022-03-31,-1.0
2022-04-01,-1.0
2022-04-04,-1.0
2022-04-05,-1.0
2022-04-06,-1.0
2022-04-07,-1.0
2022-04-08,-1.0
2022-04-11,-1.0
2022-04-12,-1.0
2022-04-13,-1.0
2022-04-14,-1.0
2022-04-15,-1.0
2022-04-18,-1.0
2022-04-19,-1.0
2022-04-20,-1.0
2022-04-21,-1.0
2022-04-22,-1.0
2022-04-25,-1.0
2022-04-26,-1.0
2022-04-27,-1.0
2022-04-28,-1.0
2022-04-29,-1.0
2022-05-02,-1.0
2022-05-03,-1.0
2022-05-04,-1.0
2022-05-05,-1.0
2022-05-06,-1.0
2022-05-09,-1.0
2022-05-10,-1.0
2022-05-11,-1.0
2022-05-12,-1.0
2022-05-13,-1.0
2022-05-16,-1.0
2022-05-17,-1.0
2022-05-18,-1.0
2022-05-19,-1.0
2022-05-20,-1.0
2022-05-23,-1.0
2022-05-24,-1.0
2022-05-25,-1.0
2022-05-26,-1.0
2022-05-27,-1.0
2022-05-30,-1.0
2022-05-31,-1.0
2022-06-01,-1.0
2022-06-02,-1.0
2022-06-03,-1.0
2022-06-06,-1.0
2022-06-07,-1.0
2022-06-08,-1.0
2022-06-09,-1.0
2022-06-10,-1.0
2022-06-13,-1.0
2022-06-14,-1.0
2022-06-15,-1.0
2022-06-16,-1.0
2022-06-17,-1.0
2022-06-20,-1.0
2022-06-21,-1.0
2022-06-22,-1.0
2022-06-23,-1.0
2022-06-24,-1.0
2022-06-27,-1.0
2022-06-28,-1.0
2022-06-29,-1.0
2022-06-30,-1.0
2022-07-01,-1.0
2022-07-04,-1.0
2022-07-05,-1.0
2022-07-06,-1.0
2022-07-07,-1.0
2022-07-08,-1.0
2022-07-11,-1.0
2022-07-12,-1.0
2022-07-13,-1.0
2022-07-14,-1.0
2022-07-15,-1.0
2022-07-18,-1.0
2022-07-19,-1.0
2022-07-20,-1.0
2022-07-21,-1.0
2022-07-22,-1.0
2022-07-25,-1.0
2022-07-26,-1.0
2022-07-27,-1.0
2022-07-28,-1.0
2022-07-29,-1.0
2022-08-01,-1.0
2022-08-02,-1.0
2022-08-03,-1.0
2022-08-04,-1.0
2022-08-05,-1.0
2022-08-08,-1.0
2022-08-09,-1.0
2022-08-10,-1.0
2022-08-11,-1.0
2022-08-12,-1.0
2022-08-15,-1.0
2022-08-16,-1.0
2022-08-17,-1.0
2022-08-18,-1.0
2022-08-19,-1.0
2022-08-22,-1.0
2022-08-23,-1.0
2022-08-24,-1.0
2022-08-25,-1.0
2022-08-26,-1.0
2022-08-29,-1.0
2022-08-30,-1.0
2022-08-31,-1.0
2022-09-01,-1.0
2022-09-02,-1.0
2022-09-05,-1.0
2022-09-06,-1.0
2022-09-07,-1.0
2022-09-08,-1.0
2022-09-09,-1.0
2022-09-12,-1.0
2022-09-13,-1.0
2022-09-14,-1.0
2022-09-15,-1.0
2022-09-16,-1.0
2022-09-19,-1.0
2022-09-20,-1.0
2022-09-21,-1.0
2022-09-22,-1.0
2022-09-23,-1.0
2022-09-26,-1.0
2022-09-27,-1.0
2022-09-28,-1.0
2022-09-29,-1.0
2022-09-30,-1.0
2022-10-03,-1.0
2022-10-04,-1.0
2022-10-05,-1.0
2022-10-06,-1.0
2022-10-07,-1.0
2022-10-10,-1.0
2022-10-11,-1.0
2022-10-12,-1.0
2022-10-13,-1.0
2022-10-14,-1.0
2022-10-17,-1.0
2022-10-18,-1.0
2022-10-19,-1.0
2022-10-20,-1.0
2022-10-21,-1.0
2022-10-24,-1.0
2022-10-25,-1.0
2022-10-26,-1.0
2022-10-27,-1.0
2022-10-28,-1.0
2022-10-31,-1.0
2022-11-01,-1.0
2022-11-02,-1.0
2022-11-03,-1.0
2022-11-04,-1.0
2022-11-07,-1.0
2022-11-08,-1.0
2022-11-09,-1.0
2022-11-10,-1.0
2022-11-11,-1.0
2022-11-14,-1.0
2022-11-15,-1.0
2022-11-16,-1.0
2022-11-17,-1.0
2022-11-18,-1.0
2022-11-21,-1.0
2022-11-22,-1.0
2022-11-23,-1.0
2022-11-24,-1.0
2022-11-25,-1.0
2022-11-28,-1.0
2022-11-29,-1.0
2022-11-30,-1.0
2022-12-01,-1.0
2022-12-02,-1.0
2022-12-05,-1.0
2022-12-06,-1.0
2022-12-07,-1.0
2022-12-08,-1.0
2022-12-09,-1.0
2022-12-12,-1.0
2022-12-13,-1.0
2022-12-14,-1.0
2022-12-15,-1.0
2022-12-16,-1.0
2022-12-19,-1.0
2022-12-20,-1.0
2022-12-21,-1.0
2022-12-22,-1.0
2022-12-23,-1.0
2022-12-26,-1.0
2022-12-27,-1.0
2022-12-28,-1.0
2022-12-29,-1.0
2022-12-30,-1.0
2023-01-02,-1.0
2023-01-03,-1.0
2023-01-04,-1.0
2023-01-05,-1.0
2023-01-06,-1.0
2023-01-09,-1.0
2023-01-10,-1.0
2023-01-11,-1.0
2023-01-12,-1.0
2023-01-13,-1.0
2023-01-16,-1.0
2023-01-17,-1.0
2023-01-18,-1.0
2023-01-19,-1.0
2023-01-20,-1.0
2023-01-23,-1.0
2023-01-24,-1.0
2023-01-25,-1.0
2023-01-26,-1.0
2023-01-27,-1.0
2023-01-30,-1.0
2023-01-31,-1.0
2023-02-01,-1.0
2023-02-02,-1.0
2023-02-03,-1.0
2023-02-06,-1.0
2023-02-07,-1.0
2023-02-08,-1.0
2023-02-09,-1.0
2023-02-10,-1.0
2023-02-13,-1.0
2023-02-14,-1.0
2023-02-15,-1.0
2023-02-16,-1.0
2023-02-17,-1.0
2023-02-20,-1.0
2023-02-21,-1.0
2023-02-22,-1.0
2023-02-23,-1.0
2023-02-24,-1.0
2023-02-27,-1.0
2023-02-28,-1.0
2023-03-01,-1.0
2023-03-02,-1.0
2023-03-03,-1.0
2023-03-06,-1.0
2023-03-07,-1.0
2023-03-08,-1.0
2023-03-09,-1.0
2023-03-10,-1.0
2023-03-13,-1.0
2023-03-14,-1.0
2023-03-15,-1.0
2023-03-16,-1.0
2023-03-17,-1.0
2023-03-20,-1.0
2023-03-21,-1.0
2023-03-22,-1.0
2023-03-23,-1.0
2023-03-24,-1.0
2023-03-27,-1.0
2023-03-28,-1.0
2023-03-29,-1.0
2023-03-30,-1.0
2023-03-31,-1.0
2023-04-03,-1.0
2023-04-04,-1.0
2023-04-05,-1.0
2023-04-06,-1.0
2023-04-07,-1.0
2023-04-10,-1.0
2023-04-11,-1.0
2023-04-12,-1.0
2023-04-13,-1.0
2023-04-14,-1.0
2023-04-17,-1.0
2023-04-18,-1.0
2023-04-19,-1.0
2023-04-20,-1.0
2023-04-21,-1.0
2023-04-24,-1.0
2023-04-25,-1.0
2023-04-26,-1.0
2023-04-27,-1.0
2023-04-28,-1.0
2023-05-01,-1.0
2023-05-02,-1.0
2023-05-03,-1.0
2023-05-04,-1.0
2023-05-05,-1.0
2023-05-08,-1.0
2023-05-09,-1.0
2023-05-10,-1.0
2023-05-11,-1.0
2023-05-12,-1.0
2023-05-15,-1.0
2023-05-16,-1.0
2023-05-17,-1.0
2023-05-18,-1.0
2023-05-19,-1.0
2023-05-22,-1.0
2023-05-23,-1.0
2023-05-24,-1.0
2023-05-25,-1.0
2023-05-26,-1.0
2023-05-29,-1.0
2023-05-30,-1.0
2023-05-31,-1.0
2023-06-01,-1.0
2023-06-02,-1.0
2023-06-05,-1.0
2023-06-06,-1.0
2023-06-07,-1.0
2023-06-08,-1.0
2023-06-09,-1.0
2023-06-12,-1.0
2023-06-13,-1.0
2023-06-14,-1.0
2023-06-15,-1.0
2023-06-16,-1.0
2023-06-19,-1.0
2023-06-20,-1.0
2023-06-21,-1.0
2023-06-22,-1.0
2023-06-23,-1.0
2023-06-26,-1.0
2023-06-27,-1.0
2023-06-28,-1.0
2023-06-29,-1.0
2023-06-30,-1.0
2023-07-03,-1.0
2023-07-04,-1.0
2023-07-05,-1.0
2023-07-06,-1.0
2023-07-07,-1.0
2023-07-10,-1.0
2023-07-11,-1.0
2023-07-12,-1.0
2023-07-13,-1.0
2023-07-14,-1.0
2023-07-17,-1.0
2023-07-18,-1.0
2023-07-19,-1.0
2023-07-20,-1.0
2023-07-21,-1.0
2023-07-24,-1.0
2023-07-25,-1.0
2023-07-26,-1.0
2023-07-27,-1.0
2023-07-28,-1.0
2023-07-31,-1.0
2023-08-01,-1.0
2023-08-02,-1.0
2023-08-03,-1.0
2023-08-04,-1.0
2023-08-07,-1.0
2023-08-08,-1.0
2023-08-09,-1.0
2023-08-10,-1.0
2023-08-11,-1.0
2023-08-14,-1.0
2023-08-15,-1.0
2023-08-16,-1.0
2023-08-17,-1.0
2023-08-18,-1.0
2023-08-21,-1.0
2023-08-22,-1.0
2023-08-23,-1.0
2023-08-24,-1.0
2023-08-25,-1.0
2023-08-28,-1.0
2023-08-29,-1.0
2023-08-30,-1.0
2023-08-31,-1.0
2023-09-01,-1.0
2023-09-04,-1.0
2023-09-05,-1.0
2023-09-06,-1.0
2023-09-07,-1.0
2023-09-08,-1.0
2023-09-11,-1.0
2023-09-12,-1.0
2023-09-13,-1.0
2023-09-14,-1.0
2023-09-15,-1.0
